<?xml version="1.0" encoding="UTF-8"?>
<project-private xmlns="http://www.netbeans.org/ns/project-private/1">
    <editor-bookmarks xmlns="http://www.netbeans.org/ns/editor-bookmarks/2" lastBookmarkId="0"/>
    <open-files xmlns="http://www.netbeans.org/ns/projectui-open-files/2">
        <group>
            <file>file:/C:/Users/Kemal%20Crisannaufal/Downloads/Project_Raedam/Project_Raedam_Pembayaran/src/TampilData.java</file>
            <file>file:/C:/Users/Kemal%20Crisannaufal/Downloads/Project_Raedam/Project_Raedam_Pembayaran/src/PengaturanParkir.java</file>
            <file>file:/C:/Users/Kemal%20Crisannaufal/Downloads/Project_Raedam/Project_Raedam_Pembayaran/src/Dashboard.java</file>
            <file>file:/C:/Users/Kemal%20Crisannaufal/Downloads/Project_Raedam/Project_Raedam_Pembayaran/src/Welcome.java</file>
            <file>file:/C:/Users/Kemal%20Crisannaufal/Downloads/Project_Raedam/Project_Raedam_Pembayaran/src/MasukParkir.java</file>
            <file>file:/C:/Users/Kemal%20Crisannaufal/Downloads/Project_Raedam/Project_Raedam_Pembayaran/src/Login.java</file>
            <file>file:/C:/Users/Kemal%20Crisannaufal/Downloads/Project_Raedam/Project_Raedam_Pembayaran/src/Registrasi.java</file>
            <file>file:/C:/Users/Kemal%20Crisannaufal/Downloads/Project_Raedam/Project_Raedam_Pembayaran/src/KeluarParkir.java</file>
        </group>
    </open-files>
</project-private>
